Policy,Year,Country,Policy_Content,URL,Scope,Explanation,Agency,Source
Executive Order Launches Climate Reregulation ,2021,USA,<p>President Biden signed an Executive Order on Protecting Public Health and the Environment and Restoring Science to Tackle the Climate Crisis.</p>,https://climate.law.columbia.edu/content/executive-order-launches-climate-reregulation,National,Executive Order,White House,Climate-Reregulation-Tracker
U.S. Rejoins the Paris Agreement,2021,USA,<p>President Biden recommitted the United States to the Paris Climate Agreement.</p>,https://climate.law.columbia.edu/content/us-rejoins-paris-agreement,National,International Commitment,White House,Climate-Reregulation-Tracker
Interior Pauses Fossil Fuel Leasing on Federal Land,2021,USA,<p>The Interior Department imposed a 60-day moratorium on fossil fuel leasing and permitting for federal land and water.</p>,https://climate.law.columbia.edu/content/interior-pauses-fossil-fuel-leasing-federal-land,National,Secretarial Order,Interior,Climate-Reregulation-Tracker
President Biden Revokes Pro-Fossil Fuels Executive Order,2021,USA,<p>President Biden revoked an executive order that had promoted the production and use of domestic fossil fuels.</p>,https://climate.law.columbia.edu/content/president-biden-revokes-pro-fossil-fuels-executive-order,National,Executive Order,White House,Climate-Reregulation-Tracker
President Biden Reverses Pro-Fossil Fuel Action on National Monuments,2021,USA,<p>President Biden revoked an executive order that had encouraged stripping protections from national monuments in order to allow for fossil fuel exploitation.</p>,https://climate.law.columbia.edu/content/president-biden-reverses-pro-fossil-fuel-action-national-monuments,National,Executive Order,White House,Climate-Reregulation-Tracker
President Biden Revokes Executive Order That Promoted Offshore Drilling,2021,USA,"<p>President Biden revoked an executive order that had promoted offshore drilling, including in areas that President Obama had moved to permanently protect.</p>",https://climate.law.columbia.edu/content/president-biden-revokes-executive-order-promoted-offshore-drilling,National,Executive Order,White House,Climate-Reregulation-Tracker
President Biden Revokes Executive Order on Fast-Tracking Pipelines,2021,USA,<p>President Biden revoked an executive order that had sought to fast-track oil and gas pipelines.</p>,https://climate.law.columbia.edu/content/president-biden-revokes-executive-order-fast-tracking-pipelines,National,Executive Order,White House,Climate-Reregulation-Tracker
President Biden Revokes Executive Order on Skipping Environmental Reviews During Pandemic,2021,USA,<p>President Biden revoked an executive order that had instructed agencies to circumvent required environmental review during the pandemic.</p>,https://climate.law.columbia.edu/content/president-biden-revokes-executive-order-skipping-environmental-reviews-during-pandemic,National,Executive Order,White House,Climate-Reregulation-Tracker
President Biden Revokes Executive Orders That Fast-Tracked Environmental Reviews,2021,USA,<p>President Biden revoked executive orders that had fast-tracked environmental reviews.</p>,https://climate.law.columbia.edu/content/president-biden-revokes-executive-orders-fast-tracked-environmental-reviews,National,Executive Order,White House,Climate-Reregulation-Tracker
President Biden Revokes Executive Order Weakening Government's Greenhouse Gas Commitments,2021,USA,<p>President Biden revoked an executive order that had weakened the requirements to reduce greenhouse gas emissions from federal government operations.</p>,https://climate.law.columbia.edu/content/president-biden-revokes-executive-order-weakening-governments-greenhouse-gas-commitments,National,Executive Order,White House,Climate-Reregulation-Tracker
Executive Order Launches Government-Wide Climate Action,2021,USA,"<p>President Biden signed an executive order that elevates climate change across the federal government, creates a number of new governmental bodies to address climate change, declares immediate actions to confront climate change, and directs agency heads to take steps to increase renewable energy, decrease fossil fuel production, and prioritize environmental justice.</p>",https://climate.law.columbia.edu/content/executive-order-launches-government-wide-climate-action,National,Executive Order,White House,Climate-Reregulation-Tracker
President Biden Reaffirms Scientific Integrity,2021,USA,<p>President Biden signed a Memorandum on Restoring Trust in Government Through Scientific Integrity and Evidence-Based Policymaking</p>,https://climate.law.columbia.edu/content/president-biden-reaffirms-scientific-integrity,National,Presidential Memorandum,White House,Climate-Reregulation-Tracker
President Biden Reestablishes Science Council,2021,USA,<p>President Biden reestablished the President's Council of Advisors on Science and Technology.</p>,https://climate.law.columbia.edu/content/president-biden-reestablishes-science-council,National,Executive Order,White House,Climate-Reregulation-Tracker
President Biden Reverses Moves to Shrink National Monuments,2021,USA,<p>President Biden rescinded proclamations that had shrunk the size of the Bears Ears National Monument and the Grand Staircase-Escalante National Monument.</p>,https://climate.law.columbia.edu/content/president-biden-reverses-moves-shrink-national-monuments,National,Executive Order,White House,Climate-Reregulation-Tracker
President Biden Blocks Keystone XL Pipeline,2021,USA,<p>President Biden rescinded a key permit for the Keystone XL Pipeline.</p>,https://climate.law.columbia.edu/content/president-biden-blocks-keystone-xl-pipeline,National,Executive Order,White House,Climate-Reregulation-Tracker
USDA Pauses Activity in Roadless Areas,2021,USA,<p>The Biden Administration paused activity in areas covered by the Roadless Rule.</p>,https://climate.law.columbia.edu/content/usda-pauses-activity-roadless-areas,National,Agency Memorandum,USDA,Climate-Reregulation-Tracker
Interior Delays Rollback of Royalties Rule,2021,USA,<p>The Department of Interior delayed and began reconsidering an action that the previous administrative took to roll requirements for fossil fuel royalties.</p>,https://climate.law.columbia.edu/content/interior-delays-rollback-royalties-rule,National,"Final rule,request for comments","Interior,ONRR",Climate-Reregulation-Tracker
CEQ Rescinds Trump-Era GHG Guidance,2021,USA,<p>The Council on Environmental Quality rescinded draft guidance on greenhouse gas emissions that the previous administration had issued.</p>,https://climate.law.columbia.edu/content/ceq-rescinds-trump-era-ghg-guidance,National,Guidance,CEQ,Climate-Reregulation-Tracker
DOE Announces Reregulation Agenda,2021,USA,<p>DOE provided a list of deregulatory actions it is considering reversing.</p>,https://climate.law.columbia.edu/content/doe-announces-reregulation-agenda,National,Memorandum,DOE,Climate-Reregulation-Tracker
"President Biden Orders Review of Renewable Energy, EV Supply Chains",2021,USA,<p>President Biden signed an executive order of supply chains for materials used in renewable energy and electric vehicles.</p>,https://climate.law.columbia.edu/content/president-biden-orders-review-renewable-energy-ev-supply-chains,National,Executive Order,White House,Climate-Reregulation-Tracker
Biden Administration Revamps Social Cost of Carbon,2021,USA,"<p>The Biden Administration moved towards revamping and raising the social cost of carbon, which will alter the way that climate impacts are accounted for in federal decision-making.</p>",https://climate.law.columbia.edu/content/biden-administration-revamps-social-cost-carbon,National,White House Announcement,White House,Climate-Reregulation-Tracker
DOD Creates Climate Working Group,2021,USA,<p>The Department of Defense established a Climate Working Group.</p>,https://climate.law.columbia.edu/content/dod-creates-climate-working-group,National,Agency Memorandum,DOD,Climate-Reregulation-Tracker
USDA Considers Climate-Smart Program Changes,2021,USA,<p>USDA requested public comment on potential climate-friendly programmatic changes.</p>,https://climate.law.columbia.edu/content/usda-considers-climate-smart-program-changes,National,Request for Public Comment,USDA,Climate-Reregulation-Tracker
DOE Lowers Barriers to New Energy Efficiency Standards ,2021,USA,<p>DOE proposed reversing the previous administration's efforts to create hurdles in setting energy efficiency standards.</p>,https://climate.law.columbia.edu/content/doe-lowers-barriers-new-energy-efficiency-standards,National,Notice of Proposed Rulemaking,DOE,Climate-Reregulation-Tracker
DOI Revokes Pro-Fossil Orders,2021,USA,<p>The Secretary of the Interior revoked orders issued by her predecessors to promote fossil fuel extraction on federal lands.</p>,https://climate.law.columbia.edu/content/doi-revokes-pro-fossil-orders,National,Secretary's Order,DOI,Climate-Reregulation-Tracker
DOI Order Prioritizes Climate and Transparency ,2021,USA,"<p>The Secretary of the Interior issued an order that prioritizes climate change, transparency, and integrity in policymaking.</p>",https://climate.law.columbia.edu/content/doi-order-prioritizes-climate-and-transparency,National,Secretary's Order,DOI,Climate-Reregulation-Tracker
SEC Creates Climate Task Force,2021,USA,<p>The Securities and Exchange Commission created a task force to police companies' climate risk disclosures.</p>,https://climate.law.columbia.edu/content/sec-creates-climate-task-force,National,Announcement,SEC,Climate-Reregulation-Tracker
NHTSA Proposal Would Restore State Auto Emissions Authority,2021,USA,<p>The National Highway Traffic Safety Administration proposed revoking a rule that prevents states from regulating greenhouse gas emissions from cars.</p>,https://climate.law.columbia.edu/content/nhtsa-proposal-would-restore-state-auto-emissions-authority,National,Notice of Proposed Rulemaking,NHTSA,Climate-Reregulation-Tracker
US Pledges to Halve GHGs By 2030 ,2021,USA,<p>President Biden set a 2030 target of reducing U.S. greenhouse gas emissions by 50-52% as part of the United States' Nationally Determined Contribution under the Paris Agreement.</p>,https://climate.law.columbia.edu/content/us-pledges-halve-ghgs-2030,National,International Commitment,White House,Climate-Reregulation-Tracker
US Publishes Climate Finance Plan,2021,USA,<p>The United States issued an international Climate Finance Plan.</p>,https://climate.law.columbia.edu/content/us-publishes-climate-finance-plan,National,International Commitment,White House,Climate-Reregulation-Tracker
EPA Moves to Restore California's Clean Car Authority,2021,USA,<p>EPA moved towards restoring California's authority to set its own greenhouse gas standards and zero-emission vehicle mandate for motor vehicles.</p>,https://climate.law.columbia.edu/content/epa-moves-restore-californias-clean-car-authority,National,Notice of Opportunity for Public Hearing and Comment,EPA,Climate-Reregulation-Tracker
EPA Proposes Phasedown of Climate Super-Pollutant,2021,USA,<p>EPA proposed a rule to phase down<strong> </strong>the powerful greenhouse gases hydrofluorocarbons.</p>,https://climate.law.columbia.edu/content/epa-proposes-phasedown-climate-super-pollutant,National,Proposed Rule,EPA,Climate-Reregulation-Tracker
Senate Moves to Repeal Trump Methane Rule,2021,USA,<p>The Senate passed a resolution to repeal the Trump administration's rollback of methane controls on the oil and natural gas sector.</p>,https://climate.law.columbia.edu/content/senate-moves-repeal-trump-methane-rule,National,Congressional Action,EPA,Climate-Reregulation-Tracker
Conservation Plan Submitted to National Climate Task Force,2021,USA,"<p>The Departments of Interior, Agriculture and Commerce and the Council on Environmental Quality delivered a preliminary report to the National Climate Task Force recommending a ten-year national conservation campaign.</p>",https://climate.law.columbia.edu/content/conservation-plan-submitted-national-climate-task-force,National,Report,"DOI,USDA,CEQ,DOC",Climate-Reregulation-Tracker
EPA Rescinds Cost-Benefit Analysis Overhaul ,2021,USA,<p>EPA rescinded the previous administration's overhaul to cost-benefit analysis. The rescinded rule could have constrained the agency from considering the full benefits of environmental regulations.</p>,https://climate.law.columbia.edu/content/epa-rescinds-cost-benefit-analysis-overhaul,National,"Interim Rule,Requests for Comments",EPA,Climate-Reregulation-Tracker
EPA Issues Plan for Solid Waste Emissions,2021,USA,"<p>EPA issued a federal plan for existing municipal solid waste landfills operated by any state, tribe or locale that has not submitted a satisfactory plan to reduce emissions of landfill gas in accordance with 2016 guidelines.</p>",https://climate.law.columbia.edu/content/epa-issues-plan-solid-waste-emissions,National,Final rule,EPA,Climate-Reregulation-Tracker
Biden Administration Announces Effort to Electrify Federal Buildings,2021,USA,<p>The Biden administration announced new federal investments in building energy efficiency and electrification.</p>,https://climate.law.columbia.edu/content/biden-administration-announces-effort-electrify-federal-buildings,National,White House Announcement,"DOE,GSA,EPA,CEQ",Climate-Reregulation-Tracker
Executive Order Launches Action on Financial Risks,2021,USA,<p>The president signed an executive order on climate-related financial risk.</p>,https://climate.law.columbia.edu/content/executive-order-launches-action-financial-risks,National,Executive Order,White House,Climate-Reregulation-Tracker
President Biden Reinstates Executive Order on Flood Risk Management,2021,USA,<p>President Biden reinstated an executive order on federal flood risk management.</p>,https://climate.law.columbia.edu/content/president-biden-reinstates-executive-order-flood-risk-management,National,Executive Order,White House,Climate-Reregulation-Tracker
DOE Moves to Reverse Lightbulb Rollback,2021,USA,<p>The Department of Energy moved towards reinstating energy efficiency standards for lightbulbs that had been blocked by the previous administration.</p>,https://climate.law.columbia.edu/content/doe-moves-reverse-lightbulb-rollback,National,Request for Information,DOE,Climate-Reregulation-Tracker
Interior Halts Drilling in ANWR,2021,USA,<p>The Department of the Interior suspended oil and gas leases in the Arctic National Wildlife Refuge.</p>,https://climate.law.columbia.edu/content/interior-halts-drilling-anwr,National,Secretarial Order,DOI,Climate-Reregulation-Tracker
President Biden Signs Order on Climate Migration,2021,USA,<p>President Biden signed an executive order to incorporate climate change into U.S. analysis of and policy regarding migration.</p>,https://climate.law.columbia.edu/content/president-biden-signs-order-climate-migration,National,Executive Order,White House,Climate-Reregulation-Tracker
Interior Moves to Reverse Rollback of Royalties Rule,2021,USA,<p>The Department of Interior proposed repealing an action that the previous administrative took to roll requirements for fossil fuel royalties.</p>,https://climate.law.columbia.edu/content/interior-moves-reverse-rollback-royalties-rule,National,Proposed Rule,"Interior,ONRR",Climate-Reregulation-Tracker
House Moves to Repeal Trump Methane Rule,2021,USA,<p>The House passed a resolution to repeal the Trump administration's rollback of methane controls on the oil and natural gas sector.</p>,https://climate.law.columbia.edu/content/house-moves-repeal-trump-methane-rule,National,Congressional Action,House of Representatives,Climate-Reregulation-Tracker
President Biden Signs Resolution Repealing Trump Methane Rule,2021,USA,<p>President Biden signed a congressional resolution to repeal the Trump administration's rollback of methane controls on the oil and natural gas sector.</p>,https://climate.law.columbia.edu/content/president-biden-signs-resolution-repealing-trump-methane-rule,National,Congressional Action,White House,Climate-Reregulation-Tracker
Biden Administration Moves to Protect Country's Largest National Forest,2021,USA,"<p>The Department of Agriculture announced a new Southeast Alaska Sustainability Strategy to help support a diverse economy, enhance community resilience, and conserve natural resources, including by ending large-scale old growth timber sales on the Tongass National Forest.</p>",https://climate.law.columbia.edu/content/biden-administration-moves-protect-countrys-largest-national-forest,National,Agency Announcement,USDA,Climate-Reregulation-Tracker
PHMSA Reminds Industry to Address Methane Leaks,2021,USA,<p>The Pipeline Hazardous Materials Safety Administration issued an advisory bulletin underscoring to pipeline and pipeline facility operators their obligations to minimize methane emissions.</p>,https://climate.law.columbia.edu/content/phmsa-reminds-industry-address-methane-leaks,National,Notice,"DOT,PHMSA",Climate-Reregulation-Tracker
Department of Energy Proposes Reversal of Energy Efficiency Rollbacks,2021,USA,<p>The Department of Energy proposed reversing energy efficiency rollbacks issued by the prior administration for dishwashers and washing machines.</p>,https://climate.law.columbia.edu/content/department-energy-proposes-reversal-energy-efficiency-rollbacks,National,Notice of Proposed Rulemaking,DOE,Climate-Reregulation-Tracker
EPA Proposes Strengthening Motor Vehicle Standards,2021,USA,<p>The Environmental Protection Agency proposed new greenhouse gas standards for light-duty motor vehicles.</p>,https://climate.law.columbia.edu/content/epa-proposes-strengthening-motor-vehicle-standards,National,Notice of Proposed Rulemaking,EPA,Climate-Reregulation-Tracker
White House Sets New Clean Car Goals,2021,USA,<p>The White House issued an executive order setting a goal that 50 percent of all new passenger cars and light trucks sold in 2030 be zero-emission vehicles.</p>,https://climate.law.columbia.edu/content/white-house-sets-new-clean-car-goals,National,Executive Order,White House,Climate-Reregulation-Tracker
Department of Energy Moves to Reinstate Lightbulb Rule,2021,USA,<p>The Department of Energy proposed reinstating a rule to expand the types of light bulbs subject to energy efficiency standards under the Environmental Policy and Conservation Act.</p>,https://climate.law.columbia.edu/content/department-energy-moves-reinstate-lightbulb-rule,National,Notice of Proposed Rulemaking,DOE,Climate-Reregulation-Tracker
Department of Energy Proposes Reversal of Heating Efficiency Rollback,2021,USA,<p>The Department of Energy proposed to reinstate a previous interpretation of energy efficiency rules pertaining to residential furnaces and commercial water heaters.</p>,https://climate.law.columbia.edu/content/department-energy-proposes-reversal-heating-efficiency-rollback,National,Notification of proposed interpretive rule,DOE,Climate-Reregulation-Tracker
HHS Establishes Office of Climate Change and Health Equity,2021,USA,<p>The U.S. Department of Health and Human Services established an Office of Climate Change and Health Equity.&nbsp;</p>,https://climate.law.columbia.edu/content/hhs-establishes-office-climate-change-and-health-equity,National,Agency Announcement,HHS,Climate-Reregulation-Tracker
NHTSA Proposes More Stringent Fuel Economy Standards,2021,USA,<p>The National Highway Traffic Safety Administration proposed more stringent corporate average fuel economy (CAFE) standards for passenger cars and light trucks for model years 2024–2026.</p>,https://climate.law.columbia.edu/content/nhtsa-proposes-more-stringent-fuel-economy-standards,National,Notice of Proposed Rulemaking,NHTSA,Climate-Reregulation-Tracker
DOE Releases Solar Futures Study,2021,USA,"<p>The Department of Energy released its <em>Solar Future Study</em>, outlining the significant role of solar energy in decarbonizing the nation’s power grid.</p>",https://climate.law.columbia.edu/content/doe-releases-solar-futures-study,National,Report,DOE,Climate-Reregulation-Tracker
Biden Administration Launches Government-Wide Effort to Cut Aviation Emissions,2021,USA,<p>The Biden Administration launched a government-wide effort to reduce aviation emissions by 20% by 2030.</p>,https://climate.law.columbia.edu/content/biden-administration-launches-government-wide-effort-cut-aviation-emissions,National,White House Announcement,"White House,DOE,DOT,USDA,EPA,FAA,DOD,NASA",Climate-Reregulation-Tracker
"DOE, DOT, and USDA Launch Sustainable Aviation Fuel Grand Challenge",2021,USA,"<p>The Department of Energy, Department of Transportation, and Department of Agriculture launched a Sustainable Aviation Fuel Grand Challenge to reduce costs, enhance sustainability, and expand production and use of sustainable aviation fuels.</p>",https://climate.law.columbia.edu/content/doe-dot-and-usda-launch-sustainable-aviation-fuel-grand-challenge,National,Agency Memorandum,"DOE,DOT,USDA",Climate-Reregulation-Tracker
USDA Invests $464 Million in Renewable Energy Infrastructure in Rural Communities,2021,USA,<p>The Department of Agriculture announced that it is investing $464 million to build and improve renewable energy infrastructure in rural communities.</p>,https://climate.law.columbia.edu/content/usda-invests-464-million-renewable-energy-infrastructure-rural-communities,National,Agency Announcement,USDA,Climate-Reregulation-Tracker
DOE Launches Local Energy Action Program,2021,USA,"<p>The Department of Energy launched its Local Energy Action Program (Communities LEAP), designed to help environmental justice and fossil fuel communities develop locally-driven energy plans.</p>",https://climate.law.columbia.edu/content/doe-launches-local-energy-action-program,National,Agency Announcement,DOE,Climate-Reregulation-Tracker
EPA Finalizes Rule Phasing Down Climate Super-Pollutant ,2021,USA,<p>The Environmental Protection Agency finalizes a rule to phase down the powerful greenhouse gases hydrofluorocarbons.</p>,https://climate.law.columbia.edu/content/epa-finalizes-rule-phasing-down-climate-super-pollutant,National,Final rule,EPA,Climate-Reregulation-Tracker
DOI Withdraws Trump-Era Fossil Fuel Valuation Rule,2021,USA,"<p>The Department of Interior withdrew the 2020 Valuation Reform and Civil Penalty Rule, which had been issued to promote domestic fossil fuel use and development.</p>",https://climate.law.columbia.edu/content/doi-withdraws-trump-era-fossil-fuel-valuation-rule,National,Final rule,DOI,Climate-Reregulation-Tracker
EPA Proposes Rule Requiring Companies to Capture and Destroy Byproduct Greenhouse Gas,2021,USA,"<p>The Environmental Protection Agency proposed a rule that would require companies to control, capture, and/or destroy HFC-23, which is generated as a byproduct during the manufacture of HCFCs.</p>",https://climate.law.columbia.edu/content/epa-proposes-rule-requiring-companies-capture-and-destroy-byproduct-greenhouse-gas,National,Proposed Rule,EPA,Climate-Reregulation-Tracker
SEC Proposes Rule Requiring Disclosure of Proxy Voting Records Pertaining to Environmental and Climate Issues,2021,USA,<p>The Security and Exchange Commission proposed amendments to Form N-XP that would require disclosure of proxy voting records on issues pertaining to the environment and climate.</p>,https://climate.law.columbia.edu/content/sec-proposes-rule-requiring-disclosure-proxy-voting-records-pertaining-environmental-and,National,Proposed Rule,SEC,Climate-Reregulation-Tracker
FEMA Updates Its National Flood Insurance Program to Account for Climate Risks,2021,USA,"<p>The Federal Emergency Management Agency published an update to its Flood Insurance Manual, titled Risk Rating 2.0: Equity in Action, which updates its National Flood Insurance Program to account for increasing flood trends.</p>",https://climate.law.columbia.edu/content/fema-updates-its-national-flood-insurance-program-account-climate-risks,National,Guidance,FEMA,Climate-Reregulation-Tracker
EPA Releases Draft Strategic Plan That Emphasizes Climate Goals,2021,USA,"<p>The Environmental Protection Agency released its<strong> </strong><em>FY 2022-2026 Strategic Plan Draft</em>, which emphasizes climate change mitigation and adaptation objectives.</p>",https://climate.law.columbia.edu/content/epa-releases-draft-strategic-plan-emphasizes-climate-goals,National,Strategic Plan,EPA,Climate-Reregulation-Tracker
CEQ Begins Process of Restoring NEPA Review of Cumulative Impacts,2021,USA,<p>The Council on Environmental Quality issued a notice of proposed rulemaking to restore NEPA requirements relevant to the review of climate impacts.</p>,https://climate.law.columbia.edu/content/ceq-begins-process-restoring-nepa-review-cumulative-impacts,National,Notice of Proposed Rulemaking,CEQ,Climate-Reregulation-Tracker
Twenty-Three Federal Agencies Release Climate Adaptation and Resiliency Plans,2021,USA,<p>Over twenty federal agencies released plans detailing how they will adapt to climate change and increase resilience to climate change impacts.</p>,https://climate.law.columbia.edu/content/twenty-three-federal-agencies-release-climate-adaptation-and-resiliency-plans,National,Strategic Plan,"White House,CEQ",Climate-Reregulation-Tracker
EPA Grants Petitions to Restrict HFC Use,2021,USA,"<p>EPA grants ten petitions to restrict the use of HFCs in the refrigeration, air conditioning, aerosols, and foam sectors.&nbsp;</p>",https://climate.law.columbia.edu/content/epa-grants-petitions-restrict-hfc-use,National,Notice of Determination,EPA,Climate-Reregulation-Tracker
FEMA Begins Process of Revising Floodplain Management Standards to Increase Climate Resiliency,2021,USA,<p>The Federal Emergency Management Agency published a notice of request for information on how to increase community resiliency by aligning floodplain management standards with modern flood risk understanding and flood risk reduction approaches.</p>,https://climate.law.columbia.edu/content/fema-begins-process-revising-floodplain-management-standards-increase-climate-resiliency,National,Request for Information,FEMA,Climate-Reregulation-Tracker
AHRQ Requests Public Input on Climate Change and Environmental Justice Issues in Healthcare,2021,USA,<p>The Agency for Healthcare Research and Quality published a notice of request for information on how the agency can best address climate change and environmental justice in healthcare.</p>,https://climate.law.columbia.edu/content/ahrq-requests-public-input-climate-change-and-environmental-justice-issues-healthcare,National,Request for Information,"AHRQ,HHS",Climate-Reregulation-Tracker
Federal Agencies Consider Incorporating Climate Impacts and Risks in Procurement Decisions,2021,USA,<p>The Federal Acquisition Regulatory Council published an advance notice of proposed rulemaking to consider ways to minimize the risk of climate change in major federal agency procurements.</p>,https://climate.law.columbia.edu/content/federal-agencies-consider-incorporating-climate-impacts-and-risks-procurement-decisions,National,Advance Notice of Proposed Rulemaking,"DOD,GSA,NASA",Climate-Reregulation-Tracker
DOL Proposes Removing Trump-Era Barriers to Consideration of Climate Change When Managing Pensions and Retirement Savings,2021,USA,"<p>The Department of Labor published a proposed rule under the Employee Retirement Income Security Act that would allow fiduciaries to consider climate change, along with other environmental, social, and governance factors, when they select investments and exercise shareholder rights.</p>",https://climate.law.columbia.edu/content/dol-proposes-removing-trump-era-barriers-consideration-climate-change-when-managing,National,Proposed Rule,"DoL,EBSA",Climate-Reregulation-Tracker
"The White House Publishes its ""Roadmap to Build a Climate Resilient Economy""",2021,USA,"<p>The White House published a new report, titled <em>A Roadmap to Build a Climate Resilient Economy</em>, which details the administration’s climate risk accountability framework and its implementation strategy to address climate-related financial risk.</p>",https://climate.law.columbia.edu/content/white-house-publishes-its-roadmap-build-climate-resilient-economy,National,Report,White House,Climate-Reregulation-Tracker
DHS Releases its Climate Change Strategic Plan,2021,USA,"<p>The Department of Homeland Security released its&nbsp;<em>Strategic Framework for Addressing Climate Change</em>, which will guide how the Department will work to combat climate change.</p>",https://climate.law.columbia.edu/content/dhs-releases-its-climate-change-strategic-plan,National,Strategic Plan,DHS,Climate-Reregulation-Tracker
OSHA Initiates Rulemaking Process for Workplace Heat Protections,2021,USA,<p>The Occupational Safety and Health Administration published an advance notice of proposed rulemaking on heat injury and illness prevention in outdoor and indoor work settings.</p>,https://climate.law.columbia.edu/content/osha-initiates-rulemaking-process-workplace-heat-protections,National,Advance Notice of Proposed Rulemaking,OSHA,Climate-Reregulation-Tracker
EPA Proposes Methane Emissions Controls for Oil and Gas Sources,2021,USA,<p>The Environmental Protection Agency proposed a suite of regulations to control methane emissions from the oil and gas sector under the Clean Air Act.</p>,https://climate.law.columbia.edu/content/epa-proposes-methane-emissions-controls-oil-and-gas-sources,National,Proposed Rule,EPA,Climate-Reregulation-Tracker
PHMSA Extends Federal Pipeline Safety Requirements to All Onshore Gas Gathering Pipelines,2021,USA,<p>The Pipeline and Hazardous Materials Safety Administration published a final rule that revises the Federal Pipeline Safety Regulations to extend reporting and safety requirements to onshore gas gathering pipelines.</p>,https://climate.law.columbia.edu/content/phmsa-extends-federal-pipeline-safety-requirements-all-onshore-gas-gathering-pipelines,National,Final rule,PHMSA,Climate-Reregulation-Tracker
PHMSA Considers Suspending Trump-Era Authorization of LNG Transport by Rail,2021,USA,<p>The Pipeline and Hazardous Materials Safety Administration proposed to amend the Hazardous Materials Regulations to suspend authorization of liquefied natural gas transportation in rail tank cars.</p>,https://climate.law.columbia.edu/content/phmsa-considers-suspending-trump-era-authorization-lng-transport-rail,National,Proposed Rule,PHMSA,Climate-Reregulation-Tracker
FAA Releases Its Aviation Climate Action Plan,2021,USA,"<p>The Federal Aviation Administration published its&nbsp;Aviation Climate Action Plan, outlining initiatives to mitigate greenhouse gas emissions throughout the U.S. aviation sector.&nbsp;</p>",https://climate.law.columbia.edu/content/faa-releases-its-aviation-climate-action-plan,National,Strategic Plan,FAA,Climate-Reregulation-Tracker
President Biden Signs Executive Order Directing Implementation of the Infrastructure Investment and Jobs Act,2021,USA,"<p>President Biden signed Executive Order 14052 (""Implementation of the Infrastructure Investment and Jobs Act""), which includes implementation priorities relevant to climate resilience and environmental justice.</p>",https://climate.law.columbia.edu/content/president-biden-signs-executive-order-directing-implementation-infrastructure-investment,National,Executive Order,White House,Climate-Reregulation-Tracker
BLM Announces Review of Land Use Plans that Allow Drilling and Mining in Sage-Grouse Habitat ,2021,USA,<p>The Bureau of Land Management published a notice of intent to review land use plans for sage-grouse habitat after finding the current plans to be potentially inconsistent with climate science.</p>,https://climate.law.columbia.edu/content/blm-announces-review-land-use-plans-allow-drilling-and-mining-sage-grouse-habitat,National,Notice,BLM,Climate-Reregulation-Tracker
DOE Rolls Back Trump-Era Roadblocks to New Energy Efficiency Standards,2021,USA,<p>The Department of Energy published a final rule reversing the previous administration’s efforts to create hurdles in setting energy efficiency standards. &nbsp;</p>,https://climate.law.columbia.edu/content/doe-rolls-back-trump-era-roadblocks-new-energy-efficiency-standards,National,Final rule,DOE,Climate-Reregulation-Tracker
Federal Highway Administration Begins Developing Guidance for Deploying Electric Vehicle Charging Infrastructure ,2021,USA,<p>The Federal Highway Administration published a request for information to assist its development of guidance for deploying electric vehicle charging infrastructure.</p>,https://climate.law.columbia.edu/content/federal-highway-administration-begins-developing-guidance-deploying-electric-vehicle,National,Request for Information,FHWA,Climate-Reregulation-Tracker
White House Office of Science and Technology Announces New Climate-Focused Division,2021,USA,<p>The White House Office of Science and Technology announced the launch of its new Energy Division to develop national clean energy innovation plans.</p>,https://climate.law.columbia.edu/content/white-house-office-science-and-technology-announces-new-climate-focused-division,National,White House Announcement,White House,Climate-Reregulation-Tracker
DOI Publishes Review of the Federal Oil and Gas Leasing Program,2021,USA,"<p>The Department of Interior published its Report on the Federal Oil and Gas Leasing Program, outlining deficiencies in the current program and identifying recommendations to modernize it.</p>",https://climate.law.columbia.edu/content/doi-publishes-review-federal-oil-and-gas-leasing-program,National,Report,DOI,Climate-Reregulation-Tracker
EPA and ACOE Propose a Definition of “Waters of the United States” That Is Adaptive to Climate Change,2021,USA,"<p>The Environmental Protection Agency and Army Corps of Engineers proposed a revised definition of ""waters of the United States” that allows for consideration of the effects of climate change on water resources when determining federal jurisdiction under the Clean Water Act.</p>",https://climate.law.columbia.edu/content/epa-and-acoe-propose-definition-waters-united-states-adaptive-climate-change,National,Proposed Rule,"EPA,ACOE",Climate-Reregulation-Tracker
DOE Reverses Trump-Era Rule Waiver Rule,2021,USA,<p>The Department of Energy finalized a rule reversing a 2020 regulation that had allowed appliance manufacturers to more easily secure interim waivers from energy efficiency testing procedures.</p>,https://climate.law.columbia.edu/content/doe-reverses-trump-era-rule-waiver-rule,National,Final rule,DOE,Climate-Reregulation-Tracker
DOE Proposes New Energy Efficiency Standard for Light Bulbs,2021,USA,"<p>DOE publishes a proposed rule that would require general service lamps, or common light bulbs, to meet a minimum efficiency of 45 lumens per watt.<strong> </strong></p>",https://climate.law.columbia.edu/content/doe-proposes-new-energy-efficiency-standard-light-bulbs,National,Proposed Rule,DOE,Climate-Reregulation-Tracker
President Biden Signs Executive Order on Federal Sustainability ,2021,USA,"<p>President Biden signed his “Executive Order on Catalyzing Clean Energy Industries and Jobs Through Federal Sustainability,” directing the federal government to use its procurement power to limit greenhouse gas emissions. &nbsp;</p>",https://climate.law.columbia.edu/content/president-biden-signs-executive-order-federal-sustainability,National,Executive Order,White House,Climate-Reregulation-Tracker
FEMA Releases Strategic Plan that Includes Climate Change Considerations,2021,USA,"<p>The Federal Emergency Management Agency released its strategic plan for 2022–2026, restoring climate change considerations that were absent from the Trump administration’s strategic plan.</p>",https://climate.law.columbia.edu/content/fema-releases-strategic-plan-includes-climate-change-considerations,National,Strategic Plan,FEMA,Climate-Reregulation-Tracker
EPA Finalizes Passenger Vehicle Greenhouse Gas Emissions Standards ,2021,USA,"<p>The Environmental Protection Agency finalized light-duty vehicle greenhouse gas emissions standards for Model Year 2023 and later, which are expected to result in average fuel economy label values of 40 mpg.</p>",https://climate.law.columbia.edu/content/epa-finalizes-passenger-vehicle-greenhouse-gas-emissions-standards,National,Final rule,EPA,Climate-Reregulation-Tracker
Office of the Comptroller of the Currency Releases Draft Principles for Managing Climate-Related Financial Risks,2021,USA,<p>The Office of the Comptroller of the Currency released draft principles to provide a framework for managing exposure to climate-related financial risks in OCC-regulated institutions with more than $100 billion in total consolidated assets.&nbsp;</p>,https://climate.law.columbia.edu/content/office-comptroller-currency-releases-draft-principles-managing-climate-related-financial,National,Draft Principles,OCC,Climate-Reregulation-Tracker
NHTSA Finalizes Repeal of Trump-Era Rule Blocking State Fuel Economy Standards,2021,USA,"<p>The National Highway Traffic Safety Administration finalized its repeal of the 2019 SAFE Rule Part I, which had codified the preemption of state and local laws related to fuel economy standards.</p>",https://climate.law.columbia.edu/content/nhtsa-finalizes-repeal-trump-era-rule-blocking-state-fuel-economy-standards,National,Final rule,NHTSA,Climate-Reregulation-Tracker
DOE Announces the Establishment of the Office of Clean Energy Demonstrations,2021,USA,<p>The Department of Energy announced the creation of the Office of Clean Energy Demonstrations to support clean energy technology demonstration projects.</p>,https://climate.law.columbia.edu/content/doe-announces-establishment-office-clean-energy-demonstrations,National,Agency Announcement,DOE,Climate-Reregulation-Tracker
Department of Energy Finalizes Reversal of Heating Efficiency Rollback,2021,USA,<p>The Department of Energy&nbsp;reinstated a previous interpretation of energy efficiency rules pertaining to residential furnaces and commercial water heaters.</p>,https://climate.law.columbia.edu/content/department-energy-finalizes-reversal-heating-efficiency-rollback,National,Final rule,DOE,Climate-Reregulation-Tracker
DOE Finalizes Reversal of Energy Efficiency Rollbacks,2022,USA,"<p>The Department of Energy finalized a rule reversing energy efficiency rollbacks issued by the prior administration for dishwashers, washing machines, and dryers.&nbsp;</p>",https://climate.law.columbia.edu/content/doe-finalizes-reversal-energy-efficiency-rollbacks,National,Final rule,DOE,Climate-Reregulation-Tracker
EPA Proposes Reinstating Finding Underpinning Mercury and Air Toxics Regulations for Power Plants,2022,USA,<p>The Environmental Protection Agency proposed revoking a 2020 rule that stated it was not appropriate and necessary to regulate mercury and air toxics from coal- and oil-fired electric utility steam generating units under Clean Air Act (CAA) Section 112.</p>,https://climate.law.columbia.edu/content/epa-proposes-reinstating-finding-underpinning-mercury-and-air-toxics-regulations-power,National,Proposed Rule,EPA,Climate-Reregulation-Tracker
"CEQ Publishes Interim Guidance on Carbon Capture, Utilization, and Sequestration",2022,USA,"<p>The Council on Environmental Quality published its interim guidance document, “Carbon Capture, Utilization, and Sequestration Guidance.”</p>",https://climate.law.columbia.edu/content/ceq-publishes-interim-guidance-carbon-capture-utilization-and-sequestration,National,Guidance,CEQ,Climate-Reregulation-Tracker
FERC Updates its Pipeline Certification Policies,2022,USA,<p>The Federal Energy Regulatory Commission updated its policy statement governing the certification of new interstate natural gas facilities.</p>,https://climate.law.columbia.edu/content/ferc-updates-its-pipeline-certification-policies,National,Policy Statement,FERC,Climate-Reregulation-Tracker
FERC Announces Policies for Evaluating Climate Impacts,2022,USA,<p>The Federal Energy Regulatory Commission published an interim policy statement on considering greenhouse gas emissions in natural gas infrastructure project reviews.</p>,https://climate.law.columbia.edu/content/ferc-announces-policies-evaluating-climate-impacts,National,Policy Statement,FERC,Climate-Reregulation-Tracker
FEMA Unveils Program to Help Fund Climate Hazard Mitigation Efforts,2022,USA,"<p>The Federal Emergency Management Agency issued its <em>Building Resilient Infrastructure and Communities Policy</em>,<em> </em>which describes a new program to help fund climate hazard mitigation efforts.</p>",https://climate.law.columbia.edu/content/fema-unveils-program-help-fund-climate-hazard-mitigation-efforts,National,Notice,FEMA,Climate-Reregulation-Tracker
EPA Proposes New Emission Controls for Heavy Duty Vehicles and Engines,2022,USA,"<p>The Environmental Protection Agency proposed new standards for reducing air pollution from highway heavy-duty vehicles and engines, including ozone, particulate matter, and greenhouse gases.</p>",https://climate.law.columbia.edu/content/epa-proposes-new-emission-controls-heavy-duty-vehicles-and-engines,National,Proposed Rule,EPA,Climate-Reregulation-Tracker
EPA Restores California’s Authority to Set Climate-Protective Vehicle Emissions Standards,2022,USA,<p>The Environmental Protection Agency rescinded its 2019 withdrawal of a waiver that allows California to set vehicle emissions standards that are more climate-protective than federal requirements.&nbsp;</p>,https://climate.law.columbia.edu/content/epa-restores-californias-authority-set-climate-protective-vehicle-emissions-standards,National,Notice of Determination,EPA,Climate-Reregulation-Tracker
SEC Proposes Greenhouse Gas Emissions and Climate Risk Disclosure Rule,2022,USA,<p>The Securities and Exchange Commission proposed a rule to require registrants to provide certain climate-related information in their registration statements and annual reports.</p>,https://climate.law.columbia.edu/content/sec-proposes-greenhouse-gas-emissions-and-climate-risk-disclosure-rule,National,Proposed Rule,SEC,Climate-Reregulation-Tracker
GSA Releases Concrete and Asphalt Standards for Federal Contractors to Reduce Climate Impacts,2022,USA,<p>The General Service Administration released standards to limit the global warming potential of concrete and asphalt used by federal contractors.</p>,https://climate.law.columbia.edu/content/gsa-releases-concrete-and-asphalt-standards-federal-contractors-reduce-climate-impacts,National,Standards,GSA,Climate-Reregulation-Tracker
President Biden Signs Executive Order on the Responsible Development of Digital Assets,2022,USA,"<p>President Biden signed an executive order with the goal of reducing the risk of digital assets such as cryptocurrencies on climate change, pollution, and energy demand.</p>",https://climate.law.columbia.edu/content/president-biden-signs-executive-order-responsible-development-digital-assets,National,Executive Order,White House,Climate-Reregulation-Tracker
FDIC Releases Draft Guidance for the Management of Climate-Related Financial Risks,2022,USA,<p>The Federal Deposit Insurance Corporation published its draft “Statement of Principles for Climate-Related Financial Management for Large Financial Institutions.”</p>,https://climate.law.columbia.edu/content/fdic-releases-draft-guidance-management-climate-related-financial-risks,National,Draft Principles,FDIC,Climate-Reregulation-Tracker
NHTSA Finalizes More Stringent Fuel Economy Standards,2022,USA,<p>The National Highway Traffic Safety Administration finalized more stringent corporate average fuel economy (CAFE) standards for passenger cars and light trucks for model years 2024–2026.</p>,https://climate.law.columbia.edu/content/nhtsa-finalizes-more-stringent-fuel-economy-standards,National,Final rule,NHTSA,Climate-Reregulation-Tracker
CEQ Finalizes the First Phase of its Revisions to NEPA Regulations,2022,USA,<p>The Council on Environmental Quality finalized “Phase 1” of its efforts to restore NEPA regulations to their pre-2020 rigor.</p>,https://climate.law.columbia.edu/content/ceq-finalizes-first-phase-its-revisions-nepa-regulations,National,Final rule,CEQ,Climate-Reregulation-Tracker
DOE Proposes Energy Conservation Standards for Consumer Pool Heaters,2022,USA,<p>The Department of Energy published a notice of proposed rulemaking concerning energy conservation standards for consumer pool heaters.</p>,https://climate.law.columbia.edu/content/doe-proposes-energy-conservation-standards-consumer-pool-heaters,National,Notice of Proposed Rulemaking,DOE,Climate-Reregulation-Tracker
DOE Updates Baseline Energy Efficiency Standards for New Federal Commercial and Multi-Family High-Rise Residential Buildings,2022,USA,<p>The Department of Energy updated its energy efficiency standards for new federal commercial and multi-family high-rise residential buildings under the Energy Conservation and Production Act.</p>,https://climate.law.columbia.edu/content/doe-updates-baseline-energy-efficiency-standards-new-federal-commercial-and-multi-family,National,Final rule,DOE,Climate-Reregulation-Tracker
DOE Updates Baseline Energy Efficiency Standards for New Federal Low-Rise Residential Buildings ,2022,USA,<p>The Department of Energy updated its baseline energy efficiency standards for the design and construction of new federal low-rise residential buildings under the Energy Conservation and Production Act.</p>,https://climate.law.columbia.edu/content/doe-updates-baseline-energy-efficiency-standards-new-federal-low-rise-residential-buildings,National,Final rule,DOE,Climate-Reregulation-Tracker
DOE Adopts Two Final Rules Setting Stricter Energy Efficiency Standards for Light Bulbs,2022,USA,<p>The Department of Energy finalized two rules reversing the previous administration’s rollback of energy efficiency standards for light bulbs.</p>,https://climate.law.columbia.edu/content/doe-adopts-two-final-rules-setting-stricter-energy-efficiency-standards-light-bulbs,National,Final rule,DOE,Climate-Reregulation-Tracker
BLM Reinstates 2013 Land Management Plan for the National Petroleum Reserve in Alaska,2022,USA,<p>The Bureau of Land Management issued a Record of Decision reverting the Integrated Activity Plan for the National Petroleum Reserve in Alaska to that approved in 2013.</p>,https://climate.law.columbia.edu/content/blm-reinstates-2013-land-management-plan-national-petroleum-reserve-alaska,National,Record of Decision,BLM,Climate-Reregulation-Tracker
President Biden Signs Executive Order on Enhancing the Climate Resiliency of the Nation’s Forests,2022,USA,"<p>President Biden signed an “Executive Order on Strengthening the Nation’s Forests, Communities, and Local Economies,” which includes measures to enhance the climate resiliency of the nation’s forests.</p>",https://climate.law.columbia.edu/content/president-biden-signs-executive-order-enhancing-climate-resiliency-nations-forests,National,Executive Order,White House,Climate-Reregulation-Tracker
NOAA Fisheries Releases Draft Climate Science Regional Action Plans for 2022 through 2024,2022,USA,<p>The National Oceanic and Atmospheric Administration released Draft Climate Science Regional Action Plans for the nation’s marine resources for 2022 through 2024.</p>,https://climate.law.columbia.edu/content/noaa-fisheries-releases-draft-climate-science-regional-action-plans-2022-through-2024,National,Draft Plan,NOAA,Climate-Reregulation-Tracker
DOE Proposes More Stringent Commercial Water Heating Equipment Energy Conservation Standards,2022,USA,<p>The Department of Energy proposed more stringent standards under the Energy Policy and Conservation Act for commercial water heating equipment.</p>,https://climate.law.columbia.edu/content/doe-proposes-more-stringent-commercial-water-heating-equipment-energy-conservation,National,Notice of Proposed Rulemaking,DOE,Climate-Reregulation-Tracker
The White House Releases Action Plan for Federal Permitting and Environmental Reviews,2022,USA,"<p>The White House published a “Permitting Action Plan to Rebuild America’s Infrastructure, Accelerate the Clean Energy Transition, Revitalize Communities, and Create Jobs.”</p>",https://climate.law.columbia.edu/content/white-house-releases-action-plan-federal-permitting-and-environmental-reviews,National,"White House Announcement,Strategic Plan",White House,Climate-Reregulation-Tracker
SEC Proposes Stricter Disclosure of Environmental Investment Practices,2022,USA,"<p>The Securities and Exchange Commission proposed amending rules and forms to enhance disclosure requirements for ESG (environmental, social, and governance) investment practices.</p>",https://climate.law.columbia.edu/content/sec-proposes-stricter-disclosure-environmental-investment-practices,National,Proposed Rule,SEC,Climate-Reregulation-Tracker
SEC Proposes Requirements to Limit Misleading Names for Green Investment Funds,2022,USA,"<p>The Securities and Exchange Commission proposed amending its fund “Name Rule” to limit misleading names for investment funds, including funds focusing on environmentally-sustainable investments.</p>",https://climate.law.columbia.edu/content/sec-proposes-requirements-limit-misleading-names-green-investment-funds,National,Proposed Rule,SEC,Climate-Reregulation-Tracker
EPA Proposed Reversing 2020 Changes to Water Quality Certification Rules,2022,USA,<p>The Environmental Protection Agency proposed&nbsp;revising and replacing its 2020 regulatory requirements for water quality certification under Clean Water Act (CWA) section 401.</p>,https://climate.law.columbia.edu/content/epa-proposed-reversing-2020-changes-water-quality-certification-rules,National,Proposed Rule,EPA,Climate-Reregulation-Tracker
FWS Proposes Accounting for Climate Change-Driven Habitat Changes When Reintroducing Species,2022,USA,<p>The Fish and Wildlife Service proposed a rule that would allow the introduction of endangered or threatened species outside of their historic range to account for climate impacts.</p>,https://climate.law.columbia.edu/content/fws-proposes-accounting-climate-change-driven-habitat-changes-when-reintroducing-species,National,Proposed Rule,FWS,Climate-Reregulation-Tracker
DOE Proposes Energy Conservation Standards for Consumer Furnaces,2022,USA,<p>The Department of Energy published a notice of proposed rulemaking to set efficiency standards for non-weatherized gas furnaces and mobile home gas furnaces.</p>,https://climate.law.columbia.edu/content/doe-proposes-energy-conservation-standards-consumer-furnaces,National,Notice of Proposed Rulemaking,DOE,Climate-Reregulation-Tracker
BLM Publishes Guidance for Authorizing Carbon Sequestration Projects on Public Land,2022,USA,<p>The Bureau of Land Management published an Instruction Memorandum for authorizing rights-of-way to use public lands for carbon sequestration projects.</p>,https://climate.law.columbia.edu/content/blm-publishes-guidance-authorizing-carbon-sequestration-projects-public-land,National,"Agency Memorandum,Guidance",BLM,Climate-Reregulation-Tracker
FAA Proposes Fuel Efficiency Requirements for Certain Airplanes,2022,USA,<p>The Federal Aviation Administration published a notice of proposed rulemaking for creating fuel efficiency requirements for certification of certain airplanes.</p>,https://climate.law.columbia.edu/content/faa-proposes-fuel-efficiency-requirements-certain-airplanes,National,Notice of Proposed Rulemaking,FAA,Climate-Reregulation-Tracker
FHWA Proposes Standards for Electric Vehicle Infrastructure,2022,USA,"<p>The Federal Highway Administration proposed to establish regulations setting minimum standards and requirements for electric vehicle infrastructure projects, including projects funded under the National Electric Vehicle Infrastructure Formula Program.</p>",https://climate.law.columbia.edu/content/fhwa-proposes-standards-electric-vehicle-infrastructure,National,Notice of Proposed Rulemaking,FHWA,Climate-Reregulation-Tracker
EPA Proposes Amendments to the Greenhouse Gas Reporting Rule,2022,USA,<p>The EPA proposed revisions to the Greenhouse Gas Reporting rule to improve the quality and consistency of the data collected under the rule and improve implementation of the rule.</p>,https://climate.law.columbia.edu/content/epa-proposes-amendments-greenhouse-gas-reporting-rule,National,Proposed Rule,EPA,Climate-Reregulation-Tracker
FHWA Proposed Requiring States and Municipalities to Establish Highway Carbon Dioxide Emissions Targets and Reporting Methodologies,2022,USA,<p>The Federal Highway Administration proposed requiring State departments of transportation and metropolitan planning organizations to establish declining carbon dioxide targets and methods for measuring and reporting greenhouse gas emissions associated with transportation on federal highways.</p>,https://climate.law.columbia.edu/content/fhwa-proposed-requiring-states-and-municipalities-establish-highway-carbon-dioxide,National,Notice of Proposed Rulemaking,FHWA,Climate-Reregulation-Tracker
HHS Releases Guidance on Extreme Heat Resilience Under the Low Income Home Energy Assistance Program,2022,USA,<p>The Department of Health &amp; Human Services' Administration for Children and Families published an&nbsp;information memorandum&nbsp;pertaining to how the Low Income Home Energy Assistance Program can respond to extreme heat risks.</p>,https://climate.law.columbia.edu/content/hhs-releases-guidance-extreme-heat-resilience-under-low-income-home-energy-assistance,National,"Agency Memorandum,Guidance","HHS,ACF",Climate-Reregulation-Tracker
Green and Resilient Retrofit Program for Multifamily Housing,2022,USA,"<p>In response to the passage of the Inflation Reduction Act of 2022, HUD seeks input on the design of a&nbsp;new program, the Green and Resilient Retrofit Program, through which HUD expects it will make multiple rounds of funding available to support energy, and water efficiency retrofits and climate resilience of HUD-assisted multifamily properties.</p>",https://climate.law.columbia.edu/content/green-and-resilient-retrofit-program-multifamily-housing,National,Request for Information,HUD,Climate-Reregulation-Tracker
DOE Proposes Energy Conservation Standards for Microwave Ovens,2022,USA,"<p>On August 24, 2022, the DOE published a supplemental notice of proposed rulemaking and request for comments on amended energy conservation standards for microwave ovens.</p>",https://climate.law.columbia.edu/content/doe-proposes-energy-conservation-standards-microwave-ovens,National,"Notice of Proposed Rulemaking,Requests for Comments",DOE,Climate-Reregulation-Tracker
EPA Proposes Accounting for Climate Change in Chemical Facility Risk Management Programs,2022,USA,"<p>The EPA proposes amending its Risk Management Program regulations governing chemical facilities to incorporate natural hazards, including those caused by climate change, that could lead to an accidental release.</p>",https://climate.law.columbia.edu/content/epa-proposes-accounting-climate-change-chemical-facility-risk-management-programs,National,Proposed Rule,EPA,Climate-Reregulation-Tracker
DOE Proposes Energy Conservation Standards for Consumer Clothes Dryers,2022,USA,"<p>DOE proposes&nbsp;amended energy conservation standards for consumer clothes dryers, and also announces a public meeting to receive comment on these proposed standards and associated analyses and results.</p>",https://climate.law.columbia.edu/content/doe-proposes-energy-conservation-standards-consumer-clothes-dryers,National,Proposed Rule,DOE,Climate-Reregulation-Tracker
Interagency Ocean Policy Committee Requests Input on Development of U.S. Ocean Climate Action Plan,2022,USA,"<p>The interagency Ocean Policy Committee requests input from all interested parties to inform the development of a U.S. Ocean Climate Action Plan that will help guide and coordinate actions by the Federal government and civil society to address ocean, coastal, and Great Lakes-based mitigation and adaptation solutions to climate change.</p>",https://climate.law.columbia.edu/content/interagency-ocean-policy-committee-requests-input-development-us-ocean-climate-action-0,National,Request for Information,"CEQ,OSTP",Climate-Reregulation-Tracker
CFTC Requests Information on Climate-Related Financial Disclosures,2022,USA,"<p>The Commodity Futures Trading Commission is seeking comment on all applicable aspects of its existing regulatory framework and market oversight, as they may be affected by climate-related financial risk.</p>",https://climate.law.columbia.edu/content/cftc-requests-information-climate-related-financial-disclosures,National,Request for Information,CFTC,Climate-Reregulation-Tracker
"Oct. 26th Meeting on Climate Resilience in Agriculture, Food, and Nutrition Systems",2022,USA,"<p>The Board for International Food and Agricultural Development (BIFAD) at USAID&nbsp;is hosting its 187th public meeting, <em>Transformative Pathways Toward a Climate Resilient Agriculture, Food, and Nutrition System: A Public Consultation Ahead of the 27th Conference of Parties,</em> to present the preliminary findings of a commissioned study on solutions for systemic climate change adaptation and mitigation and scaling climate finance in agricultural, nutrition, and food systems. BIFAD seeks public input in response to the emerging findings.</p>",https://climate.law.columbia.edu/content/oct-26th-meeting-climate-resilience-agriculture-food-and-nutrition-systems,National,Request for Public Comment,Agency for International Development,Climate-Reregulation-Tracker
Proposed Reconsideration of Fugitive Emissions Rule,2022,USA,"<p>The EPA has proposed revisions to the Clean Air Act’s New Source Review (NSR) permitting regulations, which would require the owners/operators of all existing industrial facilities considered “major sources” to include “fugitive” emissions of air pollutants when determining whether a physical or operational change at their facility is a “major modification” which would need a major NSR permit before starting construction.&nbsp;</p>",https://climate.law.columbia.edu/content/proposed-reconsideration-fugitive-emissions-rule,National,Notice of Proposed Rulemaking,EPA,Climate-Reregulation-Tracker
DOE Considers Energy Conservation Standards for Metal Halide Lamp Fixtures,2022,USA,<p>The U.S. Department of Energy (“DOE”) is initiating an effort to determine whether to amend the current energy conservation standards for metal halide lamp fixtures (“MHLF”).</p>,https://climate.law.columbia.edu/content/doe-considers-energy-conservation-standards-metal-halide-lamp-fixtures,National,Request for Information,DOE,Climate-Reregulation-Tracker
SEC Reopens Comments on Proposed Climate Disclosure Practices,2022,USA,<p>The Securities and Exchange Commission has reopened for comments its proposed enhanced climate disclosure requirements.</p>,https://climate.law.columbia.edu/content/sec-reopens-comments-proposed-climate-disclosure-practices,National,Notice of Opportunity for Public Hearing and Comment,SEC,Climate-Reregulation-Tracker
EPA Announces Proposed Rule to Phase Down Climate-Damaging Hydrofluorocarbons ,2022,USA,"<p>The EPA has proposed a rule to implement the next step of the nation’s HFC phasedown, an ambitious 40% reduction below historic levels starting in 2024, following the Senate’s bipartisan ratification of the Kigali Amendment&nbsp;to the Montreal Protocol.</p>",https://climate.law.columbia.edu/content/epa-announces-proposed-rule-phase-down-climate-damaging-hydrofluorocarbons,National,Notice of Proposed Rulemaking,EPA,Climate-Reregulation-Tracker
DOE Requests Information on Use of Defense Production Act for Clean Energy,2022,USA,<p>The U.S. Department of Energy invites public comments around the issue of how the DOE's authority under the Defense Production Act can best be used as a tool to accelerate manufacturing and deployment of clean energy technologies.</p>,https://climate.law.columbia.edu/content/doe-requests-information-use-defense-production-act-clean-energy,National,Request for Information,DOE,Climate-Reregulation-Tracker
The Natural Resources Conservation Service Seeks Public Input on Use of IRA Funds to Deploy Climate-Smart Practices on Farms,2022,USA,"<p>The NRCS requests public input to inform the use of IRA Funds to fund the deployment of climate-smart practices on US farms, ranches, and forestlands through four Farm Bill conservation programs. NRCS also requests input on funding to quantify carbon sequestration and carbon dioxide, methane, and nitrous oxide emissions at the field scale, with a speciic focus on monitoring and quantifying agricultural sequestration or GHG mitigation.</p>",https://climate.law.columbia.edu/content/natural-resources-conservation-service-seeks-public-input-use-ira-funds-deploy-climate,National,Request for Public Comment,USDA,Climate-Reregulation-Tracker
DOE Proposes Energy Conservation Standards for Consumer Furnace Fans,2022,USA,"<p>The Department of Energy has published a preliminary analysis it has conducted for purposes of evaluating the needed&nbsp;amended energy conservation standards for consumer furnace fans, and seeks comments through a written comments period and public meeting.</p>",https://climate.law.columbia.edu/content/doe-proposes-energy-conservation-standards-consumer-furnace-fans,National,Proposed Rule,DOE,Climate-Reregulation-Tracker
DOE Proposes Energy Conservation Standards for Portable Electric Spas,2022,USA,"<p>The U.S. Department of Energy (“DOE”) has published data and certain preliminary analytical results related to DOE's evaluation of potential energy conservation standards for portable electric spas. The DOE requests comments, data, and information regarding the data and analysis.</p>",https://climate.law.columbia.edu/content/doe-proposes-energy-conservation-standards-portable-electric-spas,National,Proposed Rule,DOE,Climate-Reregulation-Tracker
Federal Advisory Committee on Insurance Meets to Discuss Climate Risk,2022,USA,"<p>The U.S. Department of the Treasury's Federal Advisory Committee on Insurance (FACI) will meet via videoconference on Thursday, December 8, 2022, from 1 p.m.-4 p.m. Eastern Time, in a meeting open to the public. The FACI will discuss, among other things, topics related to climate-related financial risk and the insurance sector.</p>",https://climate.law.columbia.edu/content/federal-advisory-committee-insurance-meets-discuss-climate-risk,National,Notice of Open Meeting,Treasury,Climate-Reregulation-Tracker
Advisory Council on Historic Preservation Exempts EV Chargers at Historic Sites from Review,2022,USA,<p>The Advisory Council on Historic Preservation (ACHP) has approved an exemption that would relieve federal agencies from the historic preservation review requirements under the National Historic Preservation Act regarding the effects of the installation of certain electric vehicle chargers on historic properties.</p>,https://climate.law.columbia.edu/content/advisory-council-historic-preservation-exempts-ev-chargers-historic-sites-review,National,Approval of Exemption,Advisory Council on Historic Preservation,Climate-Reregulation-Tracker
White House Environmental Justice Advisory Council ,2022,USA,"<p>The WHEJAC will convene a hybrid in-person public meeting with a virtual option spanning between November 30 and December 1, 2022. The meeting will incorporate public comments, and address issues of environmental justice and pollution reduction, energy, climate change mitigation and resiliency, environmental health, and racial inequity.</p>",https://climate.law.columbia.edu/content/white-house-environmental-justice-advisory-council,National,Notice of Open Meeting,CEQ,Climate-Reregulation-Tracker
Army Corps of Engineers Proposes Updates to its Natural Disaster Procedures,2022,USA,"<p>The Army Corps of Engineers <a href=""https://www.federalregister.gov/documents/2022/11/15/2022-24543/natural-disaster-procedures-preparedness-response-and-recovery-activities-of-the-corps-of-engineers"">proposes to revise</a> its natural disaster procedures under the Flood Control Act of 1941, as amended. Revisions will incorporate advances in risk-informed decision-making approaches and disaster response lessons learned from recent climate change-driven natural disasters, as well as recent amendments to the relevant section of the Flood Control Act.</p><p>&nbsp;</p>",https://climate.law.columbia.edu/content/army-corps-engineers-proposes-updates-its-natural-disaster-procedures,National,Proposed Rule,DOD,Climate-Reregulation-Tracker
Bureau of Indian Affairs Seeks Comment on Expanded Capacity for Climate-Change Tribal Land Acquisitions,2022,USA,"<p>The Bureau of Indian Affairs (BIA) seeks input on changes to its regulations governing the discretionary acquisition of land into trust for the benefit of tribal governments and individual Native Americans.&nbsp;Alongside other changes, the BIA proposes adding an expansive list of policy reasons that would support an acquisition on behalf of a tribe, including the explicit policy goal of establishing a tribal land base and providing for climate change-related acquisitions.</p>",https://climate.law.columbia.edu/content/bureau-indian-affairs-seeks-comment-expanded-capacity-climate-change-tribal-land,National,Proposed Rule,DOI,Climate-Reregulation-Tracker
EPA Approves Canola-Derived Fuels as Advanced Biofuels Under the Renewable Fuel Standard Program,2022,USA,"<p>EPA determines that renewable diesel, jet fuel, heating oil, naphtha, and liquefied petroleum gas produced from canola oil via a hydrotreating process all meet the lifecycle GHG emissions reduction threshold of 50 percent required for advanced biofuels and biomass-based diesel under the Renewable Fuel Standard program.</p>",https://climate.law.columbia.edu/content/epa-approves-canola-derived-fuels-advanced-biofuels-under-renewable-fuel-standard-program,National,Final rule,EPA,Climate-Reregulation-Tracker
"Reversing Trump-Era Rule, Department of Labor Amends ERISA's Fiduciary Duty Regulations to Accommodate Climate Investing",2022,USA,"<p>Reversing course from a Trump-era rule, the Department of Labor has adopted amendments to the ERISA Investment Duties regulation. These amendments clarify the application of ERISA's fiduciary duties of prudence and loyalty in certain areas, and emphasize that these duties may often require fiduciaries to consider the economic effects of climate change and other ESG factors.</p>",https://climate.law.columbia.edu/content/reversing-trump-era-rule-department-labor-amends-erisas-fiduciary-duty-regulations,National,Final rule,DoL,Climate-Reregulation-Tracker
"DOD, GSA, and NASA Propose Climate Disclosures for Large Federal Contractors",2022,USA,"<p>DoD, GSA, and NASA are proposing amendments to the Federal Acquisition Regulation to require certain Federal contractors to disclose their greenhouse gas emissions and climate-related financial risks, and require those contractors to set science-based targets to reduce their greenhouse gas emissions.</p>",https://climate.law.columbia.edu/content/dod-gsa-and-nasa-propose-climate-disclosures-large-federal-contractors,National,Proposed Rule,"DOD,GSA,NASA",Climate-Reregulation-Tracker
BLM Proposes New Regulations to Reduce Natural Gas Flaring and Leakage,2022,USA,"<p>The Bureau of Land Management (BLM) is proposing new regulations to reduce the waste of natural gas from venting, flaring, and leaks during oil and gas production activities on Federal and Indian leases. The proposed regulations would be codified in the Code of Federal Regulations and would replace the BLM's current requirements governing venting and flaring, which are more than four decades old.</p>",https://climate.law.columbia.edu/content/blm-proposes-new-regulations-reduce-natural-gas-flaring-and-leakage,National,Proposed Rule,"BLM,DOI",Climate-Reregulation-Tracker
Department of Energy Proposes Energy Conservation Standards for External Power Supplies,2023,USA,"<p>As part of statutorily mandated update to energy efficiency regulations, the U.S. Department of Energy (DOE) has proposed amended energy conservation standards for external power supplies, currently defined as an external power supply circuit “used to convert household electric current into DC current or lower-voltage AC current to operate a consumer product.” DOE is accepting written comments, data, and information on these proposed standards until April 3, 2023, and will hold a public meeting via webinar on Wednesday, March 1, 2023.</p>",https://climate.law.columbia.edu/content/department-energy-proposes-energy-conservation-standards-external-power-supplies,National,"Notice of Proposed Rulemaking,Notice of Opportunity for Public Hearing and Comment",DOE,Climate-Reregulation-Tracker
Department of Energy Proposes Energy Conservation Standards for Consumer Conventional Cooking Products,2023,USA,"<p>As part of statutorily mandated update to energy efficiency regulations, the U.S. Department of Energy (DOE) has proposed amended energy conservation standards for consumer conventional cooking products, including gas and electric ovens and cooking tops.</p>",https://climate.law.columbia.edu/content/department-energy-proposes-energy-conservation-standards-consumer-conventional-cooking,National,"Notice of Proposed Rulemaking,Notice of Opportunity for Public Hearing and Comment",DOE,Climate-Reregulation-Tracker
Department of Energy Requests Information Regarding IRA Home Efficiency and Electrification Rebate Programs,2023,USA,"<p>The U.S. Department of Energy's (DOE) Office of State and Community Energy Programs (SCEP) invites public input regarding the development of best practices for the Home Energy Rebate programs in accordance with the Inflation Reduction Act (IRA). DOE is accepting responses to the RFI until 8:00 PM EDT on March 3, 2023.</p><p>&nbsp;</p>",https://climate.law.columbia.edu/content/department-energy-requests-information-regarding-ira-home-efficiency-and-electrification,National,Request for Information,DOE,Climate-Reregulation-Tracker
EPA Sets New Air Pollution Standards for Heavy-Duty Engine and Vehicles,2023,USA,"<p>The U.S. Environmental Protection Agency (EPA) issued a final rule on Heavy-Duty Engine and Vehicle air pollution. These new standards do not include previously proposed updates to the GHG emissions standards, which have been deferred to a future rulemaking.</p>",https://climate.law.columbia.edu/content/epa-sets-new-air-pollution-standards-heavy-duty-engine-and-vehicles,National,Proposed Rule,EPA,Climate-Reregulation-Tracker
"EPA and Army Corps of Engineers Revise Definition of ""Waters of the United States""",2023,USA,"<p>EPA and Army Corps of Engineers issued a final rulemaking interpreting the definition of ""waters of the United States"" under the Clean Water Act. This rulemaking restores Clean Water Act protections that were stripped under a Trump administration rulemaking, the Navigable Waters Protection Rule.</p>",https://climate.law.columbia.edu/content/epa-and-army-corps-engineers-revise-definition-waters-united-states,National,Final rule,"EPA,DOD,Army Corps of Engineers",Climate-Reregulation-Tracker
DOE Proposes Energy Conservation Standards for Distribution Transformers,2023,USA,"<p>As part of statutorily mandated update to energy efficiency regulations, the U.S. Department of Energy (DOE) has proposed amended energy conservation standards for distribution transformers, transformers that provide the final stage of voltage transformation from distribution lines to the voltage level used by customers.</p>",https://climate.law.columbia.edu/content/doe-proposes-energy-conservation-standards-distribution-transformers,National,"Notice of Proposed Rulemaking,Notice of Opportunity for Public Hearing and Comment",DOE,Climate-Reregulation-Tracker
DOE proposes Energy Conservation Standards for General Service Lamps,2023,USA,"<p>As part of statutorily mandated update to energy efficiency regulations, the U.S. Department of Energy (DOE) has proposed amended energy conservation standards for general service lamps.</p>",https://climate.law.columbia.edu/content/doe-proposes-energy-conservation-standards-general-service-lamps,National,"Notice of Opportunity for Public Hearing and Comment,Notice of Proposed Rulemaking",DOE,Climate-Reregulation-Tracker
Council on Environmental Quality Issues Interim Guidance on Agency Consideration of GHG Emissions and Climate Change,2023,USA,<p>The Council on Environmental Quality (CEQ) has issued interim guidance to assist agencies in analyzing greenhouse gas and climate change effects of their proposed actions under the National Environmental Policy Act. CEQ is issuing this guidance as interim guidance so that agencies may make use of it immediately while CEQ seeks public comment on the guidance. CEQ intends to either revise the guidance in response to public comments or finalize the interim guidance.</p>,https://climate.law.columbia.edu/content/council-environmental-quality-issues-interim-guidance-agency-consideration-ghg-emissions,National,"Notice of Interim Guidance,Requests for Comments",CEQ,Climate-Reregulation-Tracker
Federal Trade Commission Seeks Comments on Environmental Marketing Guidelines,2022,USA,"<p>In keeping with its decennial regulatory review schedule, the Federal Trade Commission is seeking public comment on its Guides for the Use of Environmental Marketing Claims. The Commission is soliciting comments about the efficiency, costs, benefits, and regulatory impact of the Guides to determine whether to retain, modify, or rescind them.</p>",https://climate.law.columbia.edu/content/federal-trade-commission-seeks-comments-environmental-marketing-guidelines,National,Request for Public Comment,FTC,Climate-Reregulation-Tracker
Department of Energy Proposes Energy Conservation Standards for Circulator Pumps,2023,USA,"<p>As part of statutorily mandated update to energy efficiency regulations, the U.S. Department of Energy (DOE) has proposed amended energy conservation standards for circulator pumps.</p>",https://climate.law.columbia.edu/content/department-energy-proposes-energy-conservation-standards-circulator-pumps,National,"Notice of Opportunity for Public Hearing and Comment,Notice of Proposed Rulemaking",DOE,Climate-Reregulation-Tracker
Board of Governors of the Federal Reserve Seek Comment on Principles for Climate-Related Financial Risk Management for Large Financial Institutions,2022,USA,<p>The Board of Governors of the Federal Reserve System requests public comment on draft principles that would provide a high-level framework for managing exposure to climate-related financial risks for Board-supervised financial institutions with over $100 billion in assets.</p>,https://climate.law.columbia.edu/content/board-governors-federal-reserve-seek-comment-principles-climate-related-financial-risk,National,"Notice,Request for Public Comment",Board of Governors of the Federal Reserve,Climate-Reregulation-Tracker
EPA Publishes Draft Update to U.S. GHG Emissions and Sinks Report,2023,USA,"<p>A draft of EPA's annual emissions report,<em>&nbsp;Inventory of U.S. Greenhouse Gas Emissions and Sinks: 1990-2021</em>, is now available for public review. EPA seeks comments and recommendations for improving the overall quality of the inventory report.</p>",https://climate.law.columbia.edu/content/epa-publishes-draft-update-us-ghg-emissions-and-sinks-report,National,Requests for Comments,EPA,Climate-Reregulation-Tracker
Bureau of Indian Affairs Proposes Rule Expanding BIA's Ability to Make Tribal Land Acquisitions Related to Climate Change,2022,USA,"<p>BIA has proposed changes to the regulations governing the discretionary acquisition of land into trust for the benefit of tribal governments and individual Indians.&nbsp;Among other changes, BIA has proposed language emphasizing ""the policy goal of establishing a tribal land base and providing for climate change-related acquisitions.""</p>",https://climate.law.columbia.edu/content/bureau-indian-affairs-proposes-rule-expanding-bias-ability-make-tribal-land-acquisitions,National,Proposed Rule,Interior,Climate-Reregulation-Tracker
EPA Publishes Revised Proposed Standards for GHG Emissions from Crude Oil and Natural Gas Sources,2022,USA,"<p>EPA has issued a supplemental notice of proposed rulemaking that revises and strengthens a proposed rule issued in November 2021. The rule is intended to&nbsp;mitigate climate-destabilizing pollution and protect human health by reducing GHG and VOC emissions from the Oil and Natural Gas industry. The supplemental notice strengthens the standards proposed in the November 2021 rule, as well as making a number of technical changes.</p>",https://climate.law.columbia.edu/content/epa-publishes-revised-proposed-standards-ghg-emissions-crude-oil-and-natural-gas-sources,National,"Supplemental Notice of Proposed Rulemaking,Notice of Proposed Rulemaking",EPA,Climate-Reregulation-Tracker
DOE Declines to Strengthen Energy Conservation Standards for Air Conditioners and Heat Pumps,2023,USA,"<p>As part of statutorily mandated update to energy efficiency regulations, the U.S. Department of Energy (DOE) has finalized its review of energy conservation standards for Packaged Terminal Air Conditioners and Packaged Terminal Heat Pumps, and determined that energy conservation standards for these products do not need to be amended.</p>",https://climate.law.columbia.edu/content/doe-declines-strengthen-energy-conservation-standards-air-conditioners-and-heat-pumps,National,Final rule,DOE,Climate-Reregulation-Tracker
Department of Energy Proposes No Increases to Energy Efficiency Standards for Single Package Vertical Units,2022,USA,"<p>As part of statutorily mandated update to energy efficiency regulations, the U.S. Department of Energy (DOE) has conducted an evaluation of its energy conservation standards for&nbsp;single package vertical air conditioners (SPVACs) and single package vertical heat pumps (SPVHPs), collectively referred to as single package vertical units (SPVUs). While DOE proposes a new metric to measure cooling efficiency, DOE does not propose increasing the stringency of SPVU energy standards.</p><p>DOE is accepting written comments, data, and information on these proposed standards until February 6, 2023, and will hold a public meeting via webinar on Monday, January 29, 2023.</p>",https://climate.law.columbia.edu/content/department-energy-proposes-no-increases-energy-efficiency-standards-single-package-vertical,National,"Proposed Rule,Notice of Proposed Determination,Notice of Opportunity for Public Hearing and Comment",DOE,Climate-Reregulation-Tracker
EPA Proposes Restrictions on the Use of Certain Hydrofluorocarbons in Specific Sectors and Subsectors,2022,USA,"<p>As part of implementing the American Innovation and Manufacturing Act of 2020, the U.S. Environmental Protection Agency (EPA) proposed regulations to, among other things, restrict the use of hydrofluorocarbons in specific sectors or subsectors in which they are used, establish a process for submitting technology transitions petitions, and establish recordkeeping and reporting requirements.</p><p>&nbsp;</p>",https://climate.law.columbia.edu/content/epa-proposes-restrictions-use-certain-hydrofluorocarbons-specific-sectors-and-subsectors,National,Notice of Proposed Rulemaking,EPA,Climate-Reregulation-Tracker
National Credit Union Administration Requests Information on Climate-Related Financial Risks,2023,USA,"<p>The National Credit Union Administration seeks&nbsp;public input on current and future climate and natural disaster risks to federally insured credit unions and their members, along with suggested regulatory steps that the NCUA can take to mitigate climate-related financial risks.</p>",https://climate.law.columbia.edu/content/national-credit-union-administration-requests-information-climate-related-financial-risks,National,Request for Information,NCUA,Climate-Reregulation-Tracker
"BLM Proposes New Regulations to Enshrine Conservation as an approved ""Use"" of BLM-Managed Lands",2023,USA,"<p>BLM has published a proposed rule that would apply land health standards to all BLM-managed public lands and uses, clarify that conservation is a “use” within FLPMA's multiple-use framework, and revise existing regulations to better meet FLPMA's requirement that the BLM prioritize designating and protecting Areas of Critical Environmental Concern.</p>",https://climate.law.columbia.edu/content/blm-proposes-new-regulations-enshrine-conservation-approved-use-blm-managed-lands,National,Proposed Rule,BLM,Climate-Reregulation-Tracker
FEMA Seeks Input on Incorporating Climate Change into Risk Assessments,2023,USA,<p>FEMA seeks input from the public on the integration of climate change risk into FEMA's risk assessments under the Community Disaster Resilience Zones Act of 2022.</p>,https://climate.law.columbia.edu/content/fema-seeks-input-incorporating-climate-change-risk-assessments,National,Request for Information,"DHS,FEMA",Climate-Reregulation-Tracker
DOE Issues Interim Amendment to Loan Regulations to Implement 290 Billion of Clean Energy Loans by 2026,2023,USA,<p>The Department of Energy has issued an interim final rule to allow it to deploy up to $290 billion of loan authority granted to DOE under the Inflation Reduction Act of 2022.</p>,https://climate.law.columbia.edu/content/doe-issues-interim-amendment-loan-regulations-implement-290-billion-clean-energy-loans-2026,National,"Interim Rule,Requests for Comments",DOE,Climate-Reregulation-Tracker
GSA Proposes New Climate Considerations for Federal Facilities,2023,USA,"<p>The General Services Administration has proposed amendments&nbsp;to the Federal Management Regulation to outline factors that agencies should consider when planning for the siting of federal facilities. Among other changes, the proposed rule would require agencies to consider both the emissions impact of government installations and the climate adaptation needs of government facilities.</p>",https://climate.law.columbia.edu/content/gsa-proposes-new-climate-considerations-federal-facilities-0,National,Proposed Rule,GSA,Climate-Reregulation-Tracker
Banking Regulators Issue Guidance for Climate-Related Financial Risk Management,2023,USA,"<p>The Office of the Comptroller of the Currency, the Federal Deposit Insurance Corporation, and the Board of Governors of the Federal Reserve have jointly issued guidance designed to provide a high-level framework for the safe and sound management of exposures to climate-related financial risks. This guidance is intended to support efforts by large financial institutions to focus on key aspects of climate-related financial risk management, and is targeted at financial institutions with over $100 billion in total consolidated assets.</p>",https://climate.law.columbia.edu/content/banking-regulators-issue-guidance-climate-related-financial-risk-management-0,National,Guidance,"FDIC,OCC,Board of Governors of the Federal Reserve",Climate-Reregulation-Tracker
EPA Seeks Comment on Considerations of Climate Risk in Chemical Safety Regulations,2023,USA,"<p>The Environmental Protection Agency (EPA) has a proposed rule that would amend the procedural framework rule for conducting risk evaluations under the Toxic Substances Control Act (TSCA). The proposed rule would require the impacts of climate change to be considered under some, but not all, circumstances. EPA has specifically requested comment on alternative methods for considering potential climate-related risks in risk evaluations under TSCA.</p>",https://climate.law.columbia.edu/content/epa-seeks-comment-considerations-climate-risk-chemical-safety-regulations,National,Proposed Rule,EPA,Climate-Reregulation-Tracker
EPA Proposes New Regulations to Reduce HFC Leaks,2023,USA,"<p>On October 19, 2023, the Environmental Protection Agency issued a notice of proposed rulemaking for regulations&nbsp;around HFC leak detection, HFC leak repair, recycling of HFCs, and other related topics.&nbsp;EPA estimates that, between the years&nbsp;2025–2050, the proposed rule provisions would prevent an estimated 142 million metric tons of CO<sub>2</sub> equivalent (MMTCO<sub>2</sub> e) in HFC emissions.</p>",https://climate.law.columbia.edu/content/epa-proposes-new-regulations-reduce-hfc-leaks,National,"Advance Notice of Proposed Rulemaking,Notice of Proposed Rulemaking",EPA,Climate-Reregulation-Tracker
EPA Finalizes New Restrictions in Ongoing HFC Phasedown,2023,USA,"<p>The EPA has issued final regulations&nbsp;restricting the use of HFCs with high global warming potentials within the refrigeration, air conditioning, and heat pump, foam, and aerosol sectors, and prohibiting the manufacture, import, or installation of certain equipment across approximately 40 subsectors.&nbsp;EPA projects that this rule will yield incremental emission reductions ranging from 83 to 876&nbsp;million metric tons of carbon dioxide equivalent&nbsp;(MMTCO<sub>2</sub> e) through 2050.</p>",https://climate.law.columbia.edu/content/epa-finalizes-new-restrictions-ongoing-hfc-phasedown,National,Final rule,EPA,Climate-Reregulation-Tracker
Federal Insurance Office Seeks Information on Climate Change Impacts on Homeowners,2023,USA,<p>The Federal Insurance Office (FIO) in the Department of the Treasury has announced its intent to&nbsp;collect granular information about climate-related physical risks from private sector insurers. The goal of this information collection is&nbsp;to understand how climate-related financial risks impact families and individuals across the United States and how these effects could impact the broader financial system.</p>,https://climate.law.columbia.edu/content/federal-insurance-office-seeks-information-climate-change-impacts-homeowners,National,"Notice of Information Collection,Requests for Comments","Federal Insurance Office,Treasury",Climate-Reregulation-Tracker
BOEM Prepares Environmental Impact Statement for Outer Continental Shelf Leasing,2023,USA,<p>The Bureau of Ocean Energy Management (BOEM) has issued a notice of its intent to prepare a programmatic environmental impact statement (PEIS) analyzing the impact of a representative oil and gas lease in the Gulf of Mexico's (GOM) Regional Outer Continental Shelf (OCS).&nbsp;BOEM expects to use this PEIS to inform the decision for the first GOM lease sale proposed in the 2024–2029 National OCS Oil and Gas Leasing Program.</p>,https://climate.law.columbia.edu/content/boem-prepares-environmental-impact-statement-outer-continental-shelf-leasing,National,"Notice,Requests for Comments",BOEM,Climate-Reregulation-Tracker
"DOE Proposes Expanding NEPA Exemption for Solar, Batteries, and Transmission",2023,USA,"<p>The Department of Energy has proposed expansions to categorical exclusions under NEPA for power line repair projects and solar facilities on previously developed land, and proposed a new categorical exclusion for battery storage facilities on previously developed land.&nbsp;</p>",https://climate.law.columbia.edu/content/doe-proposes-expanding-nepa-exemption-solar-batteries-and-transmission,National,Proposed Rule,DOE,Climate-Reregulation-Tracker
Forest Service Proposes Rule to Remove Barrier to CO2 Capture and Storage under Forest Service Lands,2023,USA,"<p>The United States Forest Service&nbsp;has proposed amendments to its special use regulations to permit carbon capture and storage (CCS) on National Forest Service (NFS) lands. These special use regulations prohibit authorizing exclusive and perpetual use and occupancy of National Forest System lands.&nbsp;The proposed rule would not, by itself, authorize CCS on NFS lands, but would modify the ""perpetual use and occupancy"" standard so that the Forest Service may consider CCS projects if they are proposed.</p>",https://climate.law.columbia.edu/content/forest-service-proposes-rule-remove-barrier-co2-capture-and-storage-under-forest-service,National,Proposed Rule,"Forest Service,USDA",Climate-Reregulation-Tracker
Executive Order Expands on Environmental Justice Considerations by Federal Agencies,2023,USA,"<p>Executive Order 14096,&nbsp;<em>Revitalizing Our Nation's Commitment to Environmental Justice for All,&nbsp;</em>significantly broadens the scope of the Clinton Administration's Executive Order 12898, the existing executive order addressing Federal policy on environmental justice, and creates new processes and obligations for Federal agencies to consider environmental justice concerns in agency actions.</p><p>&nbsp;</p>",https://climate.law.columbia.edu/content/executive-order-expands-environmental-justice-considerations-federal-agencies,National,Executive Order,White House,Climate-Reregulation-Tracker
Biden Administration Launches New Environmental Justice Scorecard,2023,USA,"<p>The Biden Administration has launched a new&nbsp;""Environmental Justice Scorecard"" to assess the federal government's progress on advancing environmental justice, to provide transparency for the public, and to increase accountability for federal agencies.</p>",https://climate.law.columbia.edu/content/biden-administration-launches-new-environmental-justice-scorecard,National,Executive Action,White House,Climate-Reregulation-Tracker
Council on Environmental Quality Seeks Feedback on Government Environmental Justice Scorecard,2023,USA,"<p>CEQ is soliciting feedback on Phase One of the Biden Administration's Environmental Justice Scorecard, to inform future versions of the scorecard and&nbsp;&nbsp;<a href=""https://climate.law.columbia.edu/content/biden-administration-launches-new-environmental-justice-scorecard"">Environmental Justice Scorecard</a>. This feedback will inform future versions of the Environmental Justice Scorecard.</p>",https://climate.law.columbia.edu/content/council-environmental-quality-seeks-feedback-government-environmental-justice-scorecard,National,Request for Information,CEQ,Climate-Reregulation-Tracker
EPA Supplements its 2021 Proposal for Methane Emissions Controls,2022,USA,"<p>EPA has released a supplemental notice of proposed rulemaking &nbsp;that updates, strengthens, and expands the methane emissions rulemaking that EPA proposed in 2021.</p>",https://climate.law.columbia.edu/content/epa-supplements-its-2021-proposal-methane-emissions-controls,National,Supplemental Notice of Proposed Rulemaking,EPA,Climate-Reregulation-Tracker
EPA Finalizes Rule to Eliminate Methane Leaks from Oil and Gas Sector,2023,USA,"<p>After a two-year rulemaking process, EPA has released text of a final rule designed to limit methane emissions from oil and natural gas sources. Between 2024 and 2038, this rule is anticipated to reduce methane emissions by&nbsp;approximately 58 million short tons (the equivalent of a 1.5 billion ton reduction in CO2).</p>",https://climate.law.columbia.edu/content/epa-finalizes-rule-eliminate-methane-leaks-oil-and-gas-sector,National,Final rule,EPA,Climate-Reregulation-Tracker
DOE Proposes Energy Conservation Standards for Dehumidifiers,2023,USA,<p>The Department of Energy has proposed increased&nbsp;energy conservation standards for consumer dehumidifiers&nbsp;under the Energy Policy and Conservation Act.</p>,https://climate.law.columbia.edu/content/doe-proposes-energy-conservation-standards-dehumidifiers,National,Notice of Proposed Rulemaking,DOE,Climate-Reregulation-Tracker
"DOE Considers Energy Conservation Standards for Oil, Electric, and Gas Consumer Furnaces",2023,USA,<p>The Department of Energy has issued a notice of proposed determination under the Energy Policy and Conservation Act suggesting that&nbsp;that energy conservation standards for certain consumer furnaces do not need to be amended.</p>,https://climate.law.columbia.edu/content/doe-considers-energy-conservation-standards-oil-electric-and-gas-consumer-furnaces,National,Notice of Proposed Determination,DOE,Climate-Reregulation-Tracker
FWHA Reinstates Obama-Era Highway CO2 Measurements,2023,USA,"<p>The Federal Highway Administration has finalized a rule requiring state and metropolitan transportation planners that serve regions with federal highways to measure and report CO2 emissions from on-highway sources, and to establish declining targets for highway CO2 emissions.&nbsp;</p>",https://climate.law.columbia.edu/content/fwha-reinstates-obama-era-highway-co2-measurements,National,Final rule,FHWA,Climate-Reregulation-Tracker
Bureau of Indian Affairs Finalizes Policy of Climate Change-Related Land Acquisitions,2023,USA,"<p>The Bureau of Indian Affairs (BIA) has finalized revisions to its governing regulations that will permit BIA to acquire lands for the purposes of climate change adaptation and resilience, and to hold those lands in trust for the benefit of Tribal governments and individual Native Americans.</p>",https://climate.law.columbia.edu/content/bureau-indian-affairs-finalizes-policy-climate-change-related-land-acquisitions,National,Final rule,Interior,Climate-Reregulation-Tracker
DOE Proposes Energy Conservation Standards for Consumer Furnaces,2022,USA,<p>The Department of Energy has proposed amended energy conservation standards&nbsp; for non-weatherized gas furnaces and mobile home gas furnaces under the Energy Policy and Conservation Act.</p>,https://climate.law.columbia.edu/content/doe-proposes-energy-conservation-standards-consumer-furnaces-0,National,Notice of Proposed Rulemaking,DOE,Climate-Reregulation-Tracker
DOE Finalizes Energy Conservation Standards for Consumer Furnaces,2023,USA,<p>The Department of Energy issued a final rule increasing energy conservation standards for non-weatherized gas furnaces and mobile home gas furnaces under the Energy Policy and Conservation Act.</p>,https://climate.law.columbia.edu/content/doe-finalizes-energy-conservation-standards-consumer-furnaces,National,Final rule,DOE,Climate-Reregulation-Tracker
DOE Proposes Energy Conservation Standards for Electric Motors,2023,USA,<p>The Department of Energy has proposed&nbsp;amended energy conservation standards&nbsp;for a subset of electric motors.&nbsp;This rulemaking falls under the Energy Policy and Conservation Act</p>,https://climate.law.columbia.edu/content/doe-proposes-energy-conservation-standards-electric-motors,National,Notice of Proposed Rulemaking,DOE,Climate-Reregulation-Tracker
EPA Delays Implementation of Some Elements of HFC Phase-Down,2023,USA,"<p>To avoid stranding inventory that has been pre-ordered for new residential construction, EPA has extended the compliance date for phasing down HFC use in the residential and light commercial air-conditioning and heat pump sector&nbsp;from January 1, 2025 to January 1, 2026.</p>",https://climate.law.columbia.edu/content/epa-delays-implementation-some-elements-hfc-phase-down,National,Interim Rule,EPA,Climate-Reregulation-Tracker
CFTC Proposes Guidance for Voluntary Carbon Credit Derivatives,2023,USA,<p>The Commodity Futures Trading Commission has proposed guidance for derivative contract markets that are considering listing&nbsp;voluntary carbon credit derivative contracts for trading.</p>,https://climate.law.columbia.edu/content/cftc-proposes-guidance-voluntary-carbon-credit-derivatives,National,"Proposed Guidance,Request for Public Comment",CFTC,Climate-Reregulation-Tracker
Dept. of Defense Measures Climate Change Preparedness,2024,USA,"<p>The Department of Defense proposes to collect information about support staff awareness of, and readiness for, climate change impacts to their work.&nbsp;</p>",https://climate.law.columbia.edu/content/dept-defense-measures-climate-change-preparedness,National,Notice of Information Collection,DOD,Climate-Reregulation-Tracker
FEMA Proposes Revisions to National Flood Insurance Plan to Increase Climate Resilience,2024,USA,"<p>In recognition of the increased flooding and flood risk caused by climate change, the Federal Emergency Management Agency has proposed modifications to the ""Standard Flood Insurance Policy"" issued under the National Flood Insurance Program.</p>",https://climate.law.columbia.edu/content/fema-proposes-revisions-national-flood-insurance-plan-increase-climate-resilience,National,Notice of Proposed Rulemaking,"DHS,FEMA",Climate-Reregulation-Tracker
HUD Smooths Regulatory Path for Loisiana's Climate Resettlement Pilot,2024,USA,<p>The Department of Housing and Urban Development has granted certain waivers and established alternative requirements for a HUD-administered block grant to support Louisiana's voluntary resettlement of current and former residents of the flood-prone Isle de Jean Charles to a new and more resilient inland community.</p><p>&nbsp;</p>,https://climate.law.columbia.edu/content/hud-smooths-regulatory-path-loisianas-climate-resettlement-pilot,National,Notice,HUD,Climate-Reregulation-Tracker
EPA Publishes 2024 Draft Update to U.S. GHG Emissions and Sinks Report,2024,USA,"<p>A draft of EPA's annual emissions report,<em>&nbsp;Inventory of U.S. Greenhouse Gas Emissions and Sinks: 1990-2022</em>, is now available for public review. EPA seeks comments and recommendations for improving the overall quality of the inventory report.</p>",https://climate.law.columbia.edu/content/epa-publishes-2024-draft-update-us-ghg-emissions-and-sinks-report,National,Requests for Comments,EPA,Climate-Reregulation-Tracker
EPA Sets Regulations to Implement Methane Waste Charges,2024,USA,"<p>The Environmental Protection Agency has&nbsp;proposed regulations to implement the Methane Emissions Reduction Program of the Inflation Reduction Act, which imposes an annual charge on methane emissions from oil and gas facilities.&nbsp;</p>",https://climate.law.columbia.edu/content/epa-sets-regulations-implement-methane-waste-charges,National,Proposed Rule,EPA,Climate-Reregulation-Tracker
"FTC Proposes Improvements to Consumer Energy Labeling, But Rejects Climate Labels",2024,USA,"<p>The Federal Trade Commission has proposed expanding&nbsp;the longstanding Energy Labeling Rule to new product categories, but has rejected calls to expand labeling requirements beyond energy efficiency.</p>",https://climate.law.columbia.edu/content/ftc-proposes-improvements-consumer-energy-labeling-rejects-climate-labels,National,Notice of Proposed Rulemaking,FTC,Climate-Reregulation-Tracker
EPA Releases Updated Tool for Estimating GHG Emissions from Waste Management,2023,USA,"<p>EPA seeks public comment on the WARM v.16 model, a tool that estimates the potential GHG emissions, energy savings and economic impacts of waste management practices.</p>",https://climate.law.columbia.edu/content/epa-releases-updated-tool-estimating-ghg-emissions-waste-management,National,Notice of Availability,EPA,Climate-Reregulation-Tracker
PHMSA Advances CO2 Pipeline Safety Regulations,2024,USA,<p>The Pipeline and Hazardous Materials Transportation Safety Administration has submitted a proposed regulation to OMB that would amend PHMSA's safety standards for CO2 pipelines.</p>,https://climate.law.columbia.edu/content/phmsa-advances-co2-pipeline-safety-regulations,National,OMB Review,"PHMSA,DOT",Climate-Reregulation-Tracker
NSF Seeks Input on Maritime CO2 Removal Plan,2024,USA,"<p>The National Science Foundation&nbsp;seeks input to inform guidelines, regulations, and permitting regimes surrounding research into marine carbon dioxide removal.</p>",https://climate.law.columbia.edu/content/nsf-seeks-input-maritime-co2-removal-plan,National,Request for Information,NSF,Climate-Reregulation-Tracker
DOE Adopts Environmentalist-Recommended Energy Efficiency Guidelines for Refrigerators,2024,USA,"<p>The Department of Energy has issued a paired notice of proposed rulemaking and direct final rule that&nbsp;that adopt updated energy conservation standards for refrigerators and freezers.&nbsp;The standard adopted by the direct final rule, and proposed by the NPRM, was recommended to DOE by the Association of Home Appliance Manufacturers and a coalition led by the Appliance Standards Awareness Project, which includes several prominent environmental organizations.</p>",https://climate.law.columbia.edu/content/doe-adopts-environmentalist-recommended-energy-efficiency-guidelines-refrigerators,National,"Direct final rule,Notice of Proposed Rulemaking",DOE,Climate-Reregulation-Tracker
DOE Adopts Energy Efficiency Guidelines for Consumer Cooking Products,2024,USA,"<p>The Department of Energy has issued a paired notice of proposed rulemaking and direct final rule that&nbsp;that adopt updated energy conservation standards for consumer cooking products.&nbsp;The standard adopted by the direct final rule, and proposed by the NPRM, was recommended to DOE by the Association of Home Appliance Manufacturers and a coalition led by the Appliance Standards Awareness Project, which includes several prominent environmental organizations.</p>",https://climate.law.columbia.edu/content/doe-adopts-energy-efficiency-guidelines-consumer-cooking-products,National,"Direct final rule,Notice of Proposed Rulemaking",DOE,Climate-Reregulation-Tracker
SEC Finalizes Climate Change Disclosure Rule,2024,USA,<p>The Securities and Exchange Commission has adopted a final rule that will require public companies to provide certain climate-related information in their registration statements and annual reports.&nbsp;</p>,https://climate.law.columbia.edu/content/sec-finalizes-climate-change-disclosure-rule,National,Final rule,SEC,Climate-Reregulation-Tracker
EPA Requires Chemical Facilities to Consider Climate Risk,2024,USA,"<p>EPA has issued a final rule that will require facilities that store hazardous chemicals to consider, and plan for, the risks to their facilities caused by climate change-driven natural disasters.</p>",https://climate.law.columbia.edu/content/epa-requires-chemical-facilities-consider-climate-risk,National,Final rule,EPA,Climate-Reregulation-Tracker
EPA Finalizes Tighter Restrictions on Cancer-Causing Air Pollutants,2024,USA,"<p>EPA has finalized a set of rules designed to significantly reduce emissions of certain toxic air pollutants from chemical plants, which are expected to ""dramatically reduce the number of people with elevated air toxics-related cancer risks in communities surrounding the plants."" This new rule&nbsp;joins a host of recent EPA actions targeting the safety of chemical facilities in the face of <a href=""https://scholarship.law.columbia.edu/faculty_scholarship/3889/"">a changing set of pollution risks</a>.</p>",https://climate.law.columbia.edu/content/epa-finalizes-tighter-restrictions-cancer-causing-air-pollutants,National,Final rule,EPA,Climate-Reregulation-Tracker
EPA Requires Potential Polluters to Plan for Climate-Driven Disasters,2024,USA,<p>EPA has&nbsp;issued a final rule&nbsp;requiring facilities that may become major sources of water pollution to plan for the impact of climate-driven natural disasters.</p>,https://climate.law.columbia.edu/content/epa-requires-potential-polluters-plan-climate-driven-disasters,National,Direct final rule,EPA,Climate-Reregulation-Tracker
BLM Finalizes Pared-Back Waste Reduction Rule for Public Land Leases,2024,USA,"<p>The Bureau of Land Management has published final rules designed to reduce the waste of natural gas from venting, flaring, and leaks during oil and gas production activities on Federal and Indian leases. In its final form, the rule is expected to have significantly smaller final benefits than were projected in BLM's 2022 proposed rulemaking.</p>",https://climate.law.columbia.edu/content/blm-finalizes-pared-back-waste-reduction-rule-public-land-leases,National,Final rule,BLM,Climate-Reregulation-Tracker
EPA  Publishes Rule Significantly Limiting Methane Emissions from Crude Oil and Natural Gas Facilities ,2024,USA,"<p>The U.S. Environmental Protection Agency has finalized multiple separate rulemaking processes to reduce air pollution from crude oil and natural gas facilities. This rule is projected to eliminate approximately 58 million short tons of methane emissions over the next 15 years, representing a 79 percent reduction in projected emissions from the sources covered by the final rule.</p>",https://climate.law.columbia.edu/content/epa-publishes-rule-significantly-limiting-methane-emissions-crude-oil-and-natural-gas,National,Final rule,EPA,Climate-Reregulation-Tracker
test table 5,,USA,<p>summary in here</p>,https://climate.law.columbia.edu/content/test-table-5,National,Advance Notice of Proposed Rulemaking,ACF,Climate-Reregulation-Tracker
test,2024,USA,False,https://climate.law.columbia.edu/content/test-2,National,,,Climate-Reregulation-Tracker
